Year Level,Qualification,School Decile Band,Academic Year,Typical Level Flag,Cumulative Year Attainment Rate,Current Year Attainment Rate,Cumulative Year Attainment,Current Year Attainment,Total Student Count,Cohort Warning
11,NCEA Level 1,Decile 1-3,2009,1,45.2%,44.4%,5258,5171,11640,
11,NCEA Level 1,Decile 1-3,2010,1,46.8%,46.2%,5344,5272,11413,
11,NCEA Level 1,Decile 1-3,2011,1,45.4%,44.6%,5155,5058,11353,
11,NCEA Level 1,Decile 1-3,2012,1,47.7%,46.5%,5448,5312,11418,
11,NCEA Level 1,Decile 1-3,2013,1,55.5%,54.6%,6137,6040,11059,
11,NCEA Level 1,Decile 1-3,2014,1,58.2%,57.4%,6264,6175,10754,
11,NCEA Level 1,Decile 1-3,2015,1,61.6%,61%,7385,7310,11993,
11,NCEA Level 1,Decile 1-3,2016,1,63.3%,62.5%,7481,7385,11824,
11,NCEA Level 1,Decile 1-3,2017,1,63.5%,62.6%,7241,7144,11412,
11,NCEA Level 1,Decile 1-3,2018,1,58.3%,57.4%,6567,6460,11263,
11,NCEA Level 1,Decile 4-7,2009,1,61.9%,61%,16664,16440,26942,
11,NCEA Level 1,Decile 4-7,2010,1,63.7%,63%,17194,17006,26995,
11,NCEA Level 1,Decile 4-7,2011,1,64.8%,64%,17210,17003,26578,
11,NCEA Level 1,Decile 4-7,2012,1,66.7%,65.9%,16785,16592,25171,
11,NCEA Level 1,Decile 4-7,2013,1,71.1%,70.5%,17959,17804,25246,
11,NCEA Level 1,Decile 4-7,2014,1,74.5%,73.8%,18217,18057,24462,
11,NCEA Level 1,Decile 4-7,2015,1,77.1%,76.2%,20237,20008,26248,
11,NCEA Level 1,Decile 4-7,2016,1,78%,77.4%,20662,20485,26476,
11,NCEA Level 1,Decile 4-7,2017,1,78.2%,77.4%,20031,19830,25631,
11,NCEA Level 1,Decile 4-7,2018,1,74.7%,73.9%,19299,19093,25842,
11,NCEA Level 1,Decile 8-10,2009,1,71.1%,70.8%,16832,16773,23678,
11,NCEA Level 1,Decile 8-10,2010,1,75%,74.7%,17300,17232,23055,
11,NCEA Level 1,Decile 8-10,2011,1,76.2%,75.8%,17546,17450,23022,
11,NCEA Level 1,Decile 8-10,2012,1,77.2%,76.6%,17603,17455,22797,
11,NCEA Level 1,Decile 8-10,2013,1,79.9%,79.3%,18536,18403,23195,
11,NCEA Level 1,Decile 8-10,2014,1,80.7%,80.2%,18410,18296,22804,
11,NCEA Level 1,Decile 8-10,2015,1,83.3%,82.9%,17230,17155,20696,
11,NCEA Level 1,Decile 8-10,2016,1,83.2%,82.9%,17532,17461,21062,
11,NCEA Level 1,Decile 8-10,2017,1,81.9%,81.5%,17055,16965,20825,
11,NCEA Level 1,Decile 8-10,2018,1,80.7%,80.2%,17001,16897,21067,
12,NCEA Level 1,Decile 1-3,2009,0,67.5%,17.3%,6365,1630,9427,
12,NCEA Level 1,Decile 1-3,2010,0,71%,18.1%,6821,1740,9613,
12,NCEA Level 1,Decile 1-3,2011,0,71.3%,16.9%,6786,1607,9516,
12,NCEA Level 1,Decile 1-3,2012,0,73.7%,19.1%,7167,1857,9724,
12,NCEA Level 1,Decile 1-3,2013,0,79.1%,23.3%,7532,2220,9523,
12,NCEA Level 1,Decile 1-3,2014,0,82.1%,18.1%,7577,1674,9233,
12,NCEA Level 1,Decile 1-3,2015,0,85%,18.4%,8754,1894,10300,
12,NCEA Level 1,Decile 1-3,2016,0,85.7%,16.5%,8862,1710,10339,
12,NCEA Level 1,Decile 1-3,2017,0,85.5%,15.2%,8809,1565,10302,
12,NCEA Level 1,Decile 1-3,2018,0,85.1%,14.2%,8360,1399,9819,
12,NCEA Level 1,Decile 4-7,2009,0,82%,13.3%,19538,3172,23830,
12,NCEA Level 1,Decile 4-7,2010,0,83.2%,14.1%,19897,3385,23928,
12,NCEA Level 1,Decile 4-7,2011,0,84.1%,13.1%,20093,3132,23897,
12,NCEA Level 1,Decile 4-7,2012,0,84.8%,13.2%,19730,3068,23266,
12,NCEA Level 1,Decile 4-7,2013,0,88.7%,15.1%,19845,3373,22368,
12,NCEA Level 1,Decile 4-7,2014,0,90.5%,12.8%,20508,2911,22672,
12,NCEA Level 1,Decile 4-7,2015,0,91.8%,11.1%,21529,2592,23448,
12,NCEA Level 1,Decile 4-7,2016,0,92.3%,10.6%,22403,2573,24260,
12,NCEA Level 1,Decile 4-7,2017,0,92.6%,9.8%,22577,2380,24381,
12,NCEA Level 1,Decile 4-7,2018,0,92.2%,9.6%,21771,2267,23617,
12,NCEA Level 1,Decile 8-10,2009,0,84.7%,9.3%,18264,2002,21558,
12,NCEA Level 1,Decile 8-10,2010,0,86.2%,10%,18623,2168,21594,
12,NCEA Level 1,Decile 8-10,2011,0,86.8%,8.6%,19106,1900,22019,
12,NCEA Level 1,Decile 8-10,2012,0,87.8%,8.5%,19254,1865,21929,
12,NCEA Level 1,Decile 8-10,2013,0,89.2%,9.4%,19422,2041,21773,
12,NCEA Level 1,Decile 8-10,2014,0,90.2%,8%,20131,1778,22330,
12,NCEA Level 1,Decile 8-10,2015,0,90.5%,7.3%,17480,1402,19305,
12,NCEA Level 1,Decile 8-10,2016,0,91.5%,6.9%,18634,1407,20356,
12,NCEA Level 1,Decile 8-10,2017,0,91.7%,7%,18837,1438,20545,
12,NCEA Level 1,Decile 8-10,2018,0,91.7%,8.2%,18586,1672,20272,
13,NCEA Level 1,Decile 1-3,2009,0,80.8%,5.8%,5555,402,6876,
13,NCEA Level 1,Decile 1-3,2010,0,80.5%,5.8%,6000,432,7456,
13,NCEA Level 1,Decile 1-3,2011,0,82.4%,4.9%,6276,375,7612,
13,NCEA Level 1,Decile 1-3,2012,0,85.3%,6.2%,6674,486,7820,
13,NCEA Level 1,Decile 1-3,2013,0,88.3%,8.5%,6907,665,7826,
13,NCEA Level 1,Decile 1-3,2014,0,89.9%,5%,6965,390,7744,
13,NCEA Level 1,Decile 1-3,2015,0,91.8%,4.8%,7831,406,8534,
13,NCEA Level 1,Decile 1-3,2016,0,92.7%,4%,7930,339,8551,
13,NCEA Level 1,Decile 1-3,2017,0,92.9%,3.1%,7782,262,8373,
13,NCEA Level 1,Decile 1-3,2018,0,93.1%,3.5%,7775,292,8351,
13,NCEA Level 1,Decile 4-7,2009,0,89.7%,2.9%,15939,523,17778,
13,NCEA Level 1,Decile 4-7,2010,0,90.7%,3.2%,16952,607,18692,
13,NCEA Level 1,Decile 4-7,2011,0,90.4%,2.7%,17549,520,19418,
13,NCEA Level 1,Decile 4-7,2012,0,91.5%,3.4%,16956,621,18522,
13,NCEA Level 1,Decile 4-7,2013,0,93.1%,4.7%,17421,878,18722,
13,NCEA Level 1,Decile 4-7,2014,0,94.3%,2.5%,17228,465,18263,
13,NCEA Level 1,Decile 4-7,2015,0,95.2%,2.2%,18869,440,19821,
13,NCEA Level 1,Decile 4-7,2016,0,95.3%,2%,18532,383,19440,
13,NCEA Level 1,Decile 4-7,2017,0,95.5%,1.8%,18901,360,19791,
13,NCEA Level 1,Decile 4-7,2018,0,95.7%,1.7%,19155,337,20014,
13,NCEA Level 1,Decile 8-10,2009,0,88.9%,1.9%,15742,341,17700,
13,NCEA Level 1,Decile 8-10,2010,0,89.3%,2.2%,16227,402,18174,
13,NCEA Level 1,Decile 8-10,2011,0,89.7%,1.6%,16587,290,18483,
13,NCEA Level 1,Decile 8-10,2012,0,89.8%,1.6%,17000,308,18928,
13,NCEA Level 1,Decile 8-10,2013,0,91%,2.1%,17452,411,19186,
13,NCEA Level 1,Decile 8-10,2014,0,91.1%,1.5%,17463,280,19165,
13,NCEA Level 1,Decile 8-10,2015,0,92.4%,1.2%,16082,216,17399,
13,NCEA Level 1,Decile 8-10,2016,0,92.2%,1.5%,16069,263,17420,
13,NCEA Level 1,Decile 8-10,2017,0,93.1%,1.5%,16974,271,18236,
13,NCEA Level 1,Decile 8-10,2018,0,93.3%,1.3%,16800,238,18002,
11,NCEA Level 2,Decile 1-3,2009,0,1.6%,1.3%,182,156,11640,
11,NCEA Level 2,Decile 1-3,2010,0,2%,1.5%,227,174,11413,
11,NCEA Level 2,Decile 1-3,2011,0,1.7%,1.2%,191,139,11353,
11,NCEA Level 2,Decile 1-3,2012,0,2.1%,1.3%,237,152,11418,
11,NCEA Level 2,Decile 1-3,2013,0,2.3%,2.1%,250,231,11059,
11,NCEA Level 2,Decile 1-3,2014,0,2.2%,2.1%,233,221,10754,
11,NCEA Level 2,Decile 1-3,2015,0,1.9%,1.8%,230,217,11993,
11,NCEA Level 2,Decile 1-3,2016,0,2.3%,2.1%,271,246,11824,
11,NCEA Level 2,Decile 1-3,2017,0,2.8%,2.7%,325,312,11412,
11,NCEA Level 2,Decile 1-3,2018,0,1.9%,1.8%,217,203,11263,
11,NCEA Level 2,Decile 4-7,2009,0,1.1%,1.1%,297,284,26942,
11,NCEA Level 2,Decile 4-7,2010,0,1.2%,1.2%,335,317,26995,
11,NCEA Level 2,Decile 4-7,2011,0,1.2%,1.2%,331,310,26578,
11,NCEA Level 2,Decile 4-7,2012,0,1.2%,1.2%,307,292,25171,
11,NCEA Level 2,Decile 4-7,2013,0,1.4%,1.4%,358,346,25246,
11,NCEA Level 2,Decile 4-7,2014,0,1.6%,1.5%,383,376,24462,
11,NCEA Level 2,Decile 4-7,2015,0,1.6%,1.6%,425,410,26248,
11,NCEA Level 2,Decile 4-7,2016,0,1.7%,1.6%,437,427,26476,
11,NCEA Level 2,Decile 4-7,2017,0,1.6%,1.6%,422,414,25631,
11,NCEA Level 2,Decile 4-7,2018,0,1.3%,1.2%,331,322,25842,
11,NCEA Level 2,Decile 8-10,2009,0,1%,1%,239,230,23678,
11,NCEA Level 2,Decile 8-10,2010,0,1%,1%,227,220,23055,
11,NCEA Level 2,Decile 8-10,2011,0,1.1%,1%,253,240,23022,
11,NCEA Level 2,Decile 8-10,2012,0,1.1%,1.1%,261,254,22797,
11,NCEA Level 2,Decile 8-10,2013,0,1.2%,1.2%,287,282,23195,
11,NCEA Level 2,Decile 8-10,2014,0,1%,1%,225,222,22804,
11,NCEA Level 2,Decile 8-10,2015,0,1.2%,1.2%,258,255,20696,
11,NCEA Level 2,Decile 8-10,2016,0,1.1%,1.1%,226,222,21062,
11,NCEA Level 2,Decile 8-10,2017,0,1.3%,1.3%,271,268,20825,
11,NCEA Level 2,Decile 8-10,2018,0,1%,1%,216,214,21067,
12,NCEA Level 2,Decile 1-3,2009,1,44.7%,43.2%,4212,4073,9427,
12,NCEA Level 2,Decile 1-3,2010,1,48.7%,46.5%,4678,4472,9613,
12,NCEA Level 2,Decile 1-3,2011,1,51.8%,49%,4931,4666,9516,
12,NCEA Level 2,Decile 1-3,2012,1,53.8%,51.2%,5236,4975,9724,
12,NCEA Level 2,Decile 1-3,2013,1,59.9%,57.1%,5704,5434,9523,
12,NCEA Level 2,Decile 1-3,2014,1,65%,62%,6006,5729,9233,
12,NCEA Level 2,Decile 1-3,2015,1,67.9%,65.5%,6996,6745,10300,
12,NCEA Level 2,Decile 1-3,2016,1,70.8%,68%,7317,7033,10339,
12,NCEA Level 2,Decile 1-3,2017,1,71.2%,68.2%,7336,7024,10302,
12,NCEA Level 2,Decile 1-3,2018,1,69.6%,66.2%,6830,6504,9819,
12,NCEA Level 2,Decile 4-7,2009,1,61.9%,60%,14757,14290,23830,
12,NCEA Level 2,Decile 4-7,2010,1,64.8%,63%,15509,15064,23928,
12,NCEA Level 2,Decile 4-7,2011,1,67.7%,65.1%,16169,15562,23897,
12,NCEA Level 2,Decile 4-7,2012,1,69.4%,67.2%,16144,15637,23266,
12,NCEA Level 2,Decile 4-7,2013,1,74%,72.4%,16554,16185,22368,
12,NCEA Level 2,Decile 4-7,2014,1,77.5%,75.4%,17572,17098,22672,
12,NCEA Level 2,Decile 4-7,2015,1,79.7%,77.7%,18692,18224,23448,
12,NCEA Level 2,Decile 4-7,2016,1,81.4%,79.2%,19753,19207,24260,
12,NCEA Level 2,Decile 4-7,2017,1,81.3%,78.9%,19813,19241,24381,
12,NCEA Level 2,Decile 4-7,2018,1,79.8%,77.4%,18849,18287,23617,
12,NCEA Level 2,Decile 8-10,2009,1,72.6%,71.1%,15647,15324,21558,
12,NCEA Level 2,Decile 8-10,2010,1,74.2%,72.7%,16012,15695,21594,
12,NCEA Level 2,Decile 8-10,2011,1,75.8%,74.1%,16683,16319,22019,
12,NCEA Level 2,Decile 8-10,2012,1,77.5%,75.9%,16988,16638,21929,
12,NCEA Level 2,Decile 8-10,2013,1,79.8%,78.3%,17382,17053,21773,
12,NCEA Level 2,Decile 8-10,2014,1,81.8%,80.3%,18275,17927,22330,
12,NCEA Level 2,Decile 8-10,2015,1,82.8%,81.7%,15985,15764,19305,
12,NCEA Level 2,Decile 8-10,2016,1,85%,83.5%,17301,16990,20356,
12,NCEA Level 2,Decile 8-10,2017,1,84.6%,83.1%,17384,17064,20545,
12,NCEA Level 2,Decile 8-10,2018,1,83.9%,82.3%,17017,16684,20272,
13,NCEA Level 2,Decile 1-3,2009,0,70.3%,16.2%,4831,1114,6876,
13,NCEA Level 2,Decile 1-3,2010,0,72.3%,19.1%,5391,1424,7456,
13,NCEA Level 2,Decile 1-3,2011,0,74.8%,17.8%,5697,1353,7612,
13,NCEA Level 2,Decile 1-3,2012,0,79.3%,17.6%,6203,1377,7820,
13,NCEA Level 2,Decile 1-3,2013,0,81.6%,19.8%,6384,1549,7826,
13,NCEA Level 2,Decile 1-3,2014,0,83.6%,15.4%,6474,1196,7744,
13,NCEA Level 2,Decile 1-3,2015,0,86.6%,13.6%,7391,1163,8534,
13,NCEA Level 2,Decile 1-3,2016,0,88%,12.9%,7525,1106,8551,
13,NCEA Level 2,Decile 1-3,2017,0,89%,10.4%,7449,870,8373,
13,NCEA Level 2,Decile 1-3,2018,0,89.1%,10.2%,7441,855,8351,
13,NCEA Level 2,Decile 4-7,2009,0,83.4%,11.1%,14828,1972,17778,
13,NCEA Level 2,Decile 4-7,2010,0,84.4%,12.8%,15770,2389,18692,
13,NCEA Level 2,Decile 4-7,2011,0,84.7%,11.3%,16453,2199,19418,
13,NCEA Level 2,Decile 4-7,2012,0,87.2%,11.6%,16155,2143,18522,
13,NCEA Level 2,Decile 4-7,2013,0,88.6%,11.9%,16592,2233,18722,
13,NCEA Level 2,Decile 4-7,2014,0,90.6%,9.8%,16540,1791,18263,
13,NCEA Level 2,Decile 4-7,2015,0,92.2%,8.1%,18267,1606,19821,
13,NCEA Level 2,Decile 4-7,2016,0,92.4%,7.4%,17967,1441,19440,
13,NCEA Level 2,Decile 4-7,2017,0,93%,6.8%,18397,1348,19791,
13,NCEA Level 2,Decile 4-7,2018,0,93%,6.1%,18614,1226,20014,
13,NCEA Level 2,Decile 8-10,2009,0,85.1%,7.2%,15066,1271,17700,
13,NCEA Level 2,Decile 8-10,2010,0,85.7%,7.5%,15579,1362,18174,
13,NCEA Level 2,Decile 8-10,2011,0,86.1%,6.8%,15922,1253,18483,
13,NCEA Level 2,Decile 8-10,2012,0,86.7%,6.5%,16405,1224,18928,
13,NCEA Level 2,Decile 8-10,2013,0,87.6%,6.4%,16798,1231,19186,
13,NCEA Level 2,Decile 8-10,2014,0,88.2%,5.2%,16905,1000,19165,
13,NCEA Level 2,Decile 8-10,2015,0,89.8%,4.4%,15617,762,17399,
13,NCEA Level 2,Decile 8-10,2016,0,89.5%,4.3%,15598,753,17420,
13,NCEA Level 2,Decile 8-10,2017,0,90.9%,3.8%,16568,689,18236,
13,NCEA Level 2,Decile 8-10,2018,0,91%,4%,16382,723,18002,
11,NCEA Level 3,Decile 1-3,2009,0,0.2%,0.2%,25,19,11640,
11,NCEA Level 3,Decile 1-3,2010,0,0.2%,0.2%,26,21,11413,
11,NCEA Level 3,Decile 1-3,2011,0,0.2%,0.2%,19,18,11353,
11,NCEA Level 3,Decile 1-3,2012,0,0.3%,0.2%,34,26,11418,
11,NCEA Level 3,Decile 1-3,2013,0,0.2%,0.2%,25,21,11059,
11,NCEA Level 3,Decile 1-3,2014,0,0.2%,0.1%,21,13,10754,
11,NCEA Level 3,Decile 1-3,2015,0,0.1%,0.1%,16,11,11993,
11,NCEA Level 3,Decile 1-3,2016,0,0.2%,0.2%,25,22,11824,
11,NCEA Level 3,Decile 1-3,2017,0,0.5%,0.5%,56,55,11412,
11,NCEA Level 3,Decile 1-3,2018,0,0.4%,0.4%,48,42,11263,
11,NCEA Level 3,Decile 4-7,2009,0,0%,0%,10,10,26942,
11,NCEA Level 3,Decile 4-7,2010,0,0.1%,0.1%,17,16,26995,
11,NCEA Level 3,Decile 4-7,2011,0,0.1%,0.1%,29,27,26578,
11,NCEA Level 3,Decile 4-7,2012,0,0.1%,0.1%,27,25,25171,
11,NCEA Level 3,Decile 4-7,2013,0,0.1%,0.1%,19,17,25246,
11,NCEA Level 3,Decile 4-7,2014,0,0%,0%,11,10,24462,
11,NCEA Level 3,Decile 4-7,2015,0,0.1%,0.1%,18,14,26248,
11,NCEA Level 3,Decile 4-7,2016,0,0.1%,0.1%,16,15,26476,
11,NCEA Level 3,Decile 4-7,2017,0,0.1%,0.1%,19,19,25631,
11,NCEA Level 3,Decile 4-7,2018,0,0%,0%,12,12,25842,
11,NCEA Level 3,Decile 8-10,2009,0,0%,0%,8,7,23678,
11,NCEA Level 3,Decile 8-10,2010,0,0%,0%,7,6,23055,
11,NCEA Level 3,Decile 8-10,2011,0,0.1%,0.1%,15,15,23022,
11,NCEA Level 3,Decile 8-10,2012,0,0%,0%,4,4,22797,
11,NCEA Level 3,Decile 8-10,2013,0,0%,0%,10,10,23195,
11,NCEA Level 3,Decile 8-10,2014,0,0%,0%,2,2,22804,
11,NCEA Level 3,Decile 8-10,2015,0,0%,0%,6,4,20696,
11,NCEA Level 3,Decile 8-10,2016,0,0%,0%,6,6,21062,
11,NCEA Level 3,Decile 8-10,2017,0,0%,0%,7,7,20825,
11,NCEA Level 3,Decile 8-10,2018,0,0%,0%,1,1,21067,
12,NCEA Level 3,Decile 1-3,2009,0,0.8%,0.6%,76,60,9427,
12,NCEA Level 3,Decile 1-3,2010,0,1.1%,0.8%,101,75,9613,
12,NCEA Level 3,Decile 1-3,2011,0,1.3%,1.1%,124,102,9516,
12,NCEA Level 3,Decile 1-3,2012,0,1.1%,0.8%,103,75,9724,
12,NCEA Level 3,Decile 1-3,2013,0,1.7%,1.5%,164,143,9523,
12,NCEA Level 3,Decile 1-3,2014,0,1.4%,1.1%,125,100,9233,
12,NCEA Level 3,Decile 1-3,2015,0,1.4%,1.2%,145,125,10300,
12,NCEA Level 3,Decile 1-3,2016,0,1.3%,1.2%,135,120,10339,
12,NCEA Level 3,Decile 1-3,2017,0,1.7%,1.5%,179,153,10302,
12,NCEA Level 3,Decile 1-3,2018,0,1.6%,1%,156,100,9819,
12,NCEA Level 3,Decile 4-7,2009,0,0.8%,0.7%,187,175,23830,
12,NCEA Level 3,Decile 4-7,2010,0,0.7%,0.6%,160,149,23928,
12,NCEA Level 3,Decile 4-7,2011,0,1.4%,0.9%,339,209,23897,
12,NCEA Level 3,Decile 4-7,2012,0,1%,0.8%,234,186,23266,
12,NCEA Level 3,Decile 4-7,2013,0,1%,1%,221,215,22368,
12,NCEA Level 3,Decile 4-7,2014,0,1%,0.8%,235,191,22672,
12,NCEA Level 3,Decile 4-7,2015,0,0.9%,0.9%,208,202,23448,
12,NCEA Level 3,Decile 4-7,2016,0,1%,1%,249,238,24260,
12,NCEA Level 3,Decile 4-7,2017,0,0.9%,0.9%,221,212,24381,
12,NCEA Level 3,Decile 4-7,2018,0,0.9%,0.9%,212,201,23617,
12,NCEA Level 3,Decile 8-10,2009,0,0.6%,0.6%,132,130,21558,
12,NCEA Level 3,Decile 8-10,2010,0,0.7%,0.7%,159,158,21594,
12,NCEA Level 3,Decile 8-10,2011,0,0.9%,0.9%,201,198,22019,
12,NCEA Level 3,Decile 8-10,2012,0,0.8%,0.8%,175,170,21929,
12,NCEA Level 3,Decile 8-10,2013,0,0.9%,0.8%,192,185,21773,
12,NCEA Level 3,Decile 8-10,2014,0,0.8%,0.8%,180,175,22330,
12,NCEA Level 3,Decile 8-10,2015,0,0.8%,0.8%,151,149,19305,
12,NCEA Level 3,Decile 8-10,2016,0,0.8%,0.8%,167,163,20356,
12,NCEA Level 3,Decile 8-10,2017,0,0.7%,0.7%,146,143,20545,
12,NCEA Level 3,Decile 8-10,2018,0,0.8%,0.8%,157,153,20272,
13,NCEA Level 3,Decile 1-3,2009,1,31.5%,30.3%,2166,2081,6876,
13,NCEA Level 3,Decile 1-3,2010,1,32.8%,31.8%,2446,2368,7456,
13,NCEA Level 3,Decile 1-3,2011,1,36.7%,35.3%,2797,2686,7612,
13,NCEA Level 3,Decile 1-3,2012,1,41.7%,39.8%,3263,3110,7820,
13,NCEA Level 3,Decile 1-3,2013,1,43.4%,41.6%,3395,3256,7826,
13,NCEA Level 3,Decile 1-3,2014,1,45.4%,42.7%,3515,3310,7744,
13,NCEA Level 3,Decile 1-3,2015,1,49.8%,47.7%,4251,4068,8534,
13,NCEA Level 3,Decile 1-3,2016,1,53.7%,51.4%,4592,4397,8551,
13,NCEA Level 3,Decile 1-3,2017,1,55.5%,53.4%,4644,4474,8373,
13,NCEA Level 3,Decile 1-3,2018,1,56.6%,54%,4730,4506,8351,
13,NCEA Level 3,Decile 4-7,2009,1,50.4%,48.4%,8967,8609,17778,
13,NCEA Level 3,Decile 4-7,2010,1,51.3%,50.1%,9581,9369,18692,
13,NCEA Level 3,Decile 4-7,2011,1,52.7%,50.3%,10238,9766,19418,
13,NCEA Level 3,Decile 4-7,2012,1,55.1%,53.8%,10200,9973,18522,
13,NCEA Level 3,Decile 4-7,2013,1,57.7%,56.1%,10800,10511,18722,
13,NCEA Level 3,Decile 4-7,2014,1,59.6%,58.2%,10891,10627,18263,
13,NCEA Level 3,Decile 4-7,2015,1,64.3%,62.2%,12736,12336,19821,
13,NCEA Level 3,Decile 4-7,2016,1,65.1%,62.8%,12656,12211,19440,
13,NCEA Level 3,Decile 4-7,2017,1,66.1%,63.8%,13076,12628,19791,
13,NCEA Level 3,Decile 4-7,2018,1,66.5%,62.5%,13318,12516,20014,
13,NCEA Level 3,Decile 8-10,2009,1,62.8%,61.9%,11107,10954,17700,
13,NCEA Level 3,Decile 8-10,2010,1,64.6%,63.8%,11744,11601,18174,
13,NCEA Level 3,Decile 8-10,2011,1,65.9%,65.2%,12189,12044,18483,
13,NCEA Level 3,Decile 8-10,2012,1,66.7%,65.8%,12620,12453,18928,
13,NCEA Level 3,Decile 8-10,2013,1,69%,68.1%,13230,13073,19186,
13,NCEA Level 3,Decile 8-10,2014,1,71.1%,70.3%,13630,13471,19165,
13,NCEA Level 3,Decile 8-10,2015,1,74.6%,73.7%,12973,12824,17399,
13,NCEA Level 3,Decile 8-10,2016,1,75.7%,74.4%,13194,12955,17420,
13,NCEA Level 3,Decile 8-10,2017,1,76.4%,75.5%,13925,13764,18236,
13,NCEA Level 3,Decile 8-10,2018,1,76.4%,75.6%,13762,13615,18002,
11,University Entrance,Decile 1-3,2009,0,0%,0%,0,0,11640,
11,University Entrance,Decile 1-3,2010,0,0%,0%,1,1,11413,
11,University Entrance,Decile 1-3,2011,0,0.1%,0.1%,7,7,11353,
11,University Entrance,Decile 1-3,2012,0,0.1%,0.1%,13,11,11418,
11,University Entrance,Decile 1-3,2013,0,0%,0%,2,1,11059,
11,University Entrance,Decile 1-3,2014,0,0%,0%,3,3,10754,
11,University Entrance,Decile 1-3,2015,0,0%,0%,3,2,11993,
11,University Entrance,Decile 1-3,2016,0,0%,0%,2,1,11824,
11,University Entrance,Decile 1-3,2017,0,0%,0%,2,2,11412,
11,University Entrance,Decile 1-3,2018,0,0%,0%,1,1,11263,
11,University Entrance,Decile 4-7,2009,0,0%,0%,1,1,26942,
11,University Entrance,Decile 4-7,2010,0,0%,0%,4,3,26995,
11,University Entrance,Decile 4-7,2011,0,0%,0%,5,5,26578,
11,University Entrance,Decile 4-7,2012,0,0%,0%,2,2,25171,
11,University Entrance,Decile 4-7,2013,0,0%,0%,4,2,25246,
11,University Entrance,Decile 4-7,2014,0,0%,0%,5,5,24462,
11,University Entrance,Decile 4-7,2015,0,0%,0%,3,3,26248,
11,University Entrance,Decile 4-7,2016,0,0%,0%,2,2,26476,
11,University Entrance,Decile 4-7,2017,0,0%,0%,4,4,25631,
11,University Entrance,Decile 4-7,2018,0,0%,0%,3,3,25842,
11,University Entrance,Decile 8-10,2009,0,0%,0%,4,3,23678,
11,University Entrance,Decile 8-10,2010,0,0%,0%,0,0,23055,
11,University Entrance,Decile 8-10,2011,0,0%,0%,4,4,23022,
11,University Entrance,Decile 8-10,2012,0,0%,0%,0,0,22797,
11,University Entrance,Decile 8-10,2013,0,0%,0%,0,0,23195,
11,University Entrance,Decile 8-10,2014,0,0%,0%,1,1,22804,
11,University Entrance,Decile 8-10,2015,0,0%,0%,4,3,20696,
11,University Entrance,Decile 8-10,2016,0,0%,0%,1,1,21062,
11,University Entrance,Decile 8-10,2017,0,0%,0%,0,0,20825,
11,University Entrance,Decile 8-10,2018,0,0%,0%,1,1,21067,
12,University Entrance,Decile 1-3,2009,0,0.3%,0.3%,27,25,9427,
12,University Entrance,Decile 1-3,2010,0,0.3%,0.3%,28,25,9613,
12,University Entrance,Decile 1-3,2011,0,0.3%,0.3%,32,28,9516,
12,University Entrance,Decile 1-3,2012,0,0.4%,0.3%,43,30,9724,
12,University Entrance,Decile 1-3,2013,0,0.4%,0.3%,37,28,9523,
12,University Entrance,Decile 1-3,2014,0,0.2%,0.1%,18,8,9233,
12,University Entrance,Decile 1-3,2015,0,0.2%,0.2%,24,20,10300,
12,University Entrance,Decile 1-3,2016,0,0.3%,0.3%,35,32,10339,
12,University Entrance,Decile 1-3,2017,0,0.2%,0.2%,18,16,10302,
12,University Entrance,Decile 1-3,2018,0,0.2%,0.2%,17,15,9819,
12,University Entrance,Decile 4-7,2009,0,0.6%,0.5%,134,125,23830,
12,University Entrance,Decile 4-7,2010,0,0.4%,0.4%,102,97,23928,
12,University Entrance,Decile 4-7,2011,0,0.8%,0.3%,181,76,23897,
12,University Entrance,Decile 4-7,2012,0,0.6%,0.4%,134,103,23266,
12,University Entrance,Decile 4-7,2013,0,0.7%,0.6%,147,145,22368,
12,University Entrance,Decile 4-7,2014,0,0.6%,0.5%,147,114,22672,
12,University Entrance,Decile 4-7,2015,0,0.6%,0.6%,137,132,23448,
12,University Entrance,Decile 4-7,2016,0,0.7%,0.6%,159,154,24260,
12,University Entrance,Decile 4-7,2017,0,0.5%,0.5%,122,118,24381,
12,University Entrance,Decile 4-7,2018,0,0.5%,0.5%,119,117,23617,
12,University Entrance,Decile 8-10,2009,0,0.5%,0.5%,118,115,21558,
12,University Entrance,Decile 8-10,2010,0,0.6%,0.6%,137,137,21594,
12,University Entrance,Decile 8-10,2011,0,0.6%,0.6%,137,136,22019,
12,University Entrance,Decile 8-10,2012,0,0.6%,0.6%,128,125,21929,
12,University Entrance,Decile 8-10,2013,0,0.9%,0.9%,204,203,21773,
12,University Entrance,Decile 8-10,2014,0,0.7%,0.7%,149,146,22330,
12,University Entrance,Decile 8-10,2015,0,0.7%,0.7%,136,135,19305,
12,University Entrance,Decile 8-10,2016,0,0.8%,0.8%,169,167,20356,
12,University Entrance,Decile 8-10,2017,0,0.6%,0.6%,126,124,20545,
12,University Entrance,Decile 8-10,2018,0,0.6%,0.6%,123,120,20272,
13,University Entrance,Decile 1-3,2009,1,25.1%,24.5%,1728,1683,6876,
13,University Entrance,Decile 1-3,2010,1,23.4%,23%,1748,1718,7456,
13,University Entrance,Decile 1-3,2011,1,25.5%,24.9%,1941,1895,7612,
13,University Entrance,Decile 1-3,2012,1,29.5%,28.7%,2303,2245,7820,
13,University Entrance,Decile 1-3,2013,1,31.3%,30.5%,2449,2384,7826,
13,University Entrance,Decile 1-3,2014,1,24%,23.1%,1861,1789,7744,
13,University Entrance,Decile 1-3,2015,1,26.3%,26%,2243,2218,8534,
13,University Entrance,Decile 1-3,2016,1,28.1%,27.6%,2401,2361,8551,
13,University Entrance,Decile 1-3,2017,1,27.3%,26.7%,2290,2238,8373,
13,University Entrance,Decile 1-3,2018,1,27.6%,27.2%,2307,2269,8351,
13,University Entrance,Decile 4-7,2009,1,44.9%,43.4%,7990,7708,17778,
13,University Entrance,Decile 4-7,2010,1,44.6%,43.9%,8343,8202,18692,
13,University Entrance,Decile 4-7,2011,1,45.2%,43.3%,8775,8411,19418,
13,University Entrance,Decile 4-7,2012,1,47.4%,46.5%,8784,8618,18522,
13,University Entrance,Decile 4-7,2013,1,50.3%,49%,9414,9173,18722,
13,University Entrance,Decile 4-7,2014,1,43.4%,42.1%,7933,7690,18263,
13,University Entrance,Decile 4-7,2015,1,48.2%,46.9%,9550,9297,19821,
13,University Entrance,Decile 4-7,2016,1,47.7%,46.1%,9276,8970,19440,
13,University Entrance,Decile 4-7,2017,1,47.2%,45.5%,9344,9013,19791,
13,University Entrance,Decile 4-7,2018,1,47.6%,44.7%,9525,8947,20014,
13,University Entrance,Decile 8-10,2009,1,59.9%,59.2%,10602,10473,17700,
13,University Entrance,Decile 8-10,2010,1,60.3%,59.6%,10954,10829,18174,
13,University Entrance,Decile 8-10,2011,1,61.4%,60.7%,11345,11213,18483,
13,University Entrance,Decile 8-10,2012,1,62.7%,61.9%,11862,11722,18928,
13,University Entrance,Decile 8-10,2013,1,65.6%,64.9%,12587,12451,19186,
13,University Entrance,Decile 8-10,2014,1,61.4%,60.3%,11758,11561,19165,
13,University Entrance,Decile 8-10,2015,1,64.8%,64.1%,11277,11155,17399,
13,University Entrance,Decile 8-10,2016,1,66.3%,65%,11551,11325,17420,
13,University Entrance,Decile 8-10,2017,1,66.1%,65.2%,12062,11893,18236,
13,University Entrance,Decile 8-10,2018,1,65.3%,64.6%,11758,11635,18002,
